population,dist_road_qual,tier_value,edi,literacy_rate,railways_count,average_land_price,airport_proximity,suitability_score,location,suitability_diff
2342868.0,1122336.499,3,31009.75571,6,3,3293.8571428571427,30.645,0.35060249238182484,"Vizianagaram                                      ,AndhraPradesh(*)                                  ",0.0014674347201766302
4889230.0,1179885.865,2,70815.54789,7,9,34.43526170798898,32.955,0.4041580041365343,"Guntupalle                                        ,AndhraPradesh(*)                                  ",0.05502294647488609
4170468.0,1199619.436,3,84456.8587,7,7,34.43526170798898,64.565,0.46806284707746926,"Chitrada                                          ,AndhraPradesh(*)                                  ",0.11892778941582105
2966082.0,1197637.822,2,83115.09042,7,3,34.43526170798898,39.186,0.34724625231876727,"Nellimarla                                        ,AndhraPradesh(*)                                  ",0.0018888053428809393
2966082.0,1197637.822,2,83115.09042,7,4,4446.095238095239,0.705,0.31218053887753294,"Nellore                                           ,AndhraPradesh(*)                                  ",0.036954518784115264
4889230.0,1179885.865,2,70815.54789,7,8,34.43526170798898,52.019,0.41928809367868675,"Guntakal Junction                                 ,AndhraPradesh(*)                                  ",0.07015303601703854
4170468.0,1199619.436,3,84456.8587,7,4,2305.4,35.463,0.4226253937736215,"Chittoor                                          ,AndhraPradesh(*)                                  ",0.07349033611197331
2699471.0,1146280.998,3,47558.23111,6,0,34.43526170798898,24.118997695852535,0.32772838690590106,"Srikurmam                                         ,AndhraPradesh(*)                                  ",0.021406670755747148
4083315.0,1208536.697,2,90643.9013,6,4,1783.7222222222222,19.223,0.3474490739795199,"Ananipalle                                        ,AndhraPradesh(*)                                  ",0.0016859836821283003
4529009.0,1165354.031,3,60752.28582,7,3,34.43526170798898,24.118997695852535,0.32772838690590106,"Krishnamsettipalle                                ,AndhraPradesh(*)                                  ",0.021406670755747148
4083315.0,1208536.697,2,90643.9013,6,3,34.43526170798898,0.259,0.32219967123060994,"Anantapur                                         ,AndhraPradesh(*)                                  ",0.026935386431038266
4083315.0,1208536.697,2,90643.9013,6,0,34.43526170798898,52.552,0.3624169798976145,"Anantapalle                                       ,AndhraPradesh(*)                                  ",0.013281922235966304
4889230.0,1179885.865,2,70815.54789,7,10,7821.366666666667,52.976,0.4312997743946775,"Guntur                                            ,AndhraPradesh(*)                                  ",0.08216471673302927
2966082.0,1197637.822,2,83115.09042,7,1,41.32231404958678,23.114,0.32027636569540785,"Nellipaka                                         ,AndhraPradesh(*)                                  ",0.028858691966240357
4083315.0,1208536.697,2,90643.9013,6,0,34.43526170798898,24.118997695852535,0.32772838690590106,"Anantasagaram                                     ,AndhraPradesh(*)                                  ",0.021406670755747148
2966082.0,1197637.822,2,83115.09042,7,4,41.32231404958678,56.955,0.3710098088445885,"Nellutla                                          ,AndhraPradesh(*)                                  ",0.0218747511829403
4889230.0,1179885.865,2,70815.54789,7,12,34.43526170798898,55.637,0.4431084180578048,"Guntakal                                          ,AndhraPradesh(*)                                  ",0.09397336039615661
4170468.0,1199619.436,3,84456.8587,7,3,41.32231404958678,56.357,0.43939672798240853,"Chityal                                           ,AndhraPradesh(*)                                  ",0.09026167032076032
4889230.0,1179885.865,2,70815.54789,7,0,34.43526170798898,58.582,0.3862181071944833,"Guntapalli                                        ,AndhraPradesh(*)                                  ",0.03708304953283509
4083315.0,1208536.697,2,90643.9013,6,3,34.43526170798898,52.274,0.37712343369048495,"Anantarazupeta                                    ,AndhraPradesh(*)                                  ",0.027988376028836748
4170468.0,1199619.436,3,84456.8587,7,0,34.43526170798898,36.852,0.40380009154443997,"Chitvel                                           ,AndhraPradesh(*)                                  ",0.05466503388279176
4046601.0,1235371.051,2,109205.0291,6,4,4118.625,3.67,0.3368500107083613,"Kurnool                                           ,AndhraPradesh(*)                                  ",0.012285046953286916
3068149.0,823464.809,3,215351.9566,5,11,5099.166666666667,2.775,0.3614167986696264,"Katihar                                           ,Bihar                                             ",0.012281741007978186
2954367.0,807530.396,3,196433.3292,7,4,23388.0,3.177,0.33864119798415,"Begusarai                                         ,Bihar                                             ",0.010493859677498218
4379383.0,809692.352,3,198950.7272,7,5,12266.545454545454,10.812,0.37882100835036214,"Gaya                                              ,Bihar                                             ",0.029685950688713936
3032226.0,803526.775,3,191703.6723,6,5,3829.625,1.247,0.33102808406844814,"Bhagalpur                                         ,Bihar                                             ",0.01810697359320007
3273127.0,826267.344,3,218632.2025,5,4,2249.6666666666665,0.753,0.3287958147595695,"Purnea                                            ,Bihar                                             ",0.020339242902078725
5772804.0,785670.625,2,170420.2165,7,10,7199.862068965517,2.623,0.36425550798849204,"Patna                                             ,Bihar                                             ",0.015120450326843837
3318176.0,785030.045,3,169733.6534,7,4,27.548209366391184,19.403,0.35284170430611145,"Siwan                                             ,Bihar                                             ",0.0037066466444632407
1897102.0,807770.614,2,196738.4683,5,7,3389.0,2.914,0.26352014296526827,"Saharsa                                           ,Bihar                                             ",0.08561491469637994
3921971.0,764211.215,3,144941.0973,6,11,2329.5,1.647,0.36633321728998547,"Darbhanga                                         ,Bihar                                             ",0.017198159628337262
4778610.0,819060.825,3,210088.3062,7,5,9479.0,2.0,0.37990560992226696,"Muzaffarpur                                       ,Bihar                                             ",0.030770552260618755
1054686.0,95587.63,2,154291.9309,9,1,507047.1666666667,94.963,0.31996396078475564,"Chandigarh                                        ,Chandigarh                                        ",0.029171096876892566
4062160.0,533187.337,2,248066.2679,8,10,3136.9,16.325,0.33541697972633044,"Raipur                                            ,Chhattisgarh                                      ",0.013718077935317763
799199.0,447925.592,3,93857.10744,8,0,805.5,5.711,0.2247363756639595,"Dhamtari                                          ,Chhattisgarh                                      ",0.12439868199768872
2662077.0,527503.221,2,237757.0204,7,7,18.36547291092745,2.336,0.2671602035668573,"Bilaspur                                          ,Chhattisgarh                                      ",0.08197485409479088
1206563.0,472212.271,3,137814.5933,7,4,2500.0,5.245,0.25416941984387637,"Korba                                             ,Chhattisgarh                                      ",0.09496563781777184
1032275.0,475226.575,3,143183.993,7,3,18.36547291092745,47.36,0.29114669399681903,"Mahasamund                                        ,Chhattisgarh                                      ",0.05798836366482918
1493627.0,467389.384,3,129008.7777,7,0,18.36547291092745,9.522,0.24197013012396953,"Raigarh                                           ,Chhattisgarh                                      ",0.10716492753767867
1332042.0,186143.915,3,89513.05621,7,7,9414.0,26.135,0.25238380890314366,"Jind                                              ,Haryana                                           ",0.09675124875850455
1480080.0,192389.149,3,117677.8337,8,5,19660.3125,67.692,0.30414666397699813,"Sonipat                                           ,Haryana                                           ",0.044988393684650074
558890.0,198394.758,3,144719.0164,8,3,507047.1666666667,92.239,0.3698311427609695,"Panchkula                                         ,Haryana                                           ",0.020696085099321304
1072861.0,188540.168,3,100299.5667,7,5,1333.0,56.719,0.2706123789339004,"Kaithal                                           ,Haryana                                           ",0.07852267872774782
1506323.0,196567.615,2,136479.3208,8,4,8328.785714285714,0.588,0.1809091885004773,"Karnal                                            ,Haryana                                           ",0.1682258691611709
921680.0,188600.074,3,100599.192,8,3,14537.0,10.542,0.21898238122648192,"Mahendragarh                                      ,Haryana                                           ",0.1301526764351663
1295114.0,192838.446,3,119700.3044,7,2,8333.0,53.353,0.2609807219254088,"Sirsa                                             ,Haryana                                           ",0.08815433573623943
1136784.0,186323.634,3,90337.02576,8,6,10554.666666666666,43.664,0.2707088167541346,"Ambala                                            ,Haryana                                           ",0.0784262409075136
1629109.0,190082.756,2,107265.8548,8,5,5344.5,11.094,0.1934865885229008,"Bhiwani                                           ,Haryana                                           ",0.15564846913874741
1742815.0,188510.215,3,100224.6604,7,5,10637.333333333334,6.043,0.23138967930307766,"Hisar                                             ,Haryana                                           ",0.11774537835857055
1798954.0,219062.438,2,237827.5761,8,7,57.3921028466483,41.259,0.2627163946910611,"Faridabad                                         ,Haryana                                           ",0.08641866297058709
941522.0,194186.339,3,125767.7166,7,0,57.3921028466483,49.189,0.23975194621748896,"Fatehabad                                         ,Haryana                                           ",0.10938311144415924
1058683.0,187237.205,3,94456.87354,8,7,22488.125,67.494,0.3016581726441965,"Rohtak                                            ,Haryana                                           ",0.04747688501745173
1214162.0,193796.948,3,124044.8712,8,6,4805.5,22.026,0.2550203351082955,"Yamunanagar                                       ,Haryana                                           ",0.09411472255335268
1040493.0,208653.715,3,190936.2178,7,2,17333.88888888889,55.142,0.2725417784591535,"Palwal                                            ,Haryana                                           ",0.0765932792024947
1202811.0,206721.736,3,182247.0843,8,7,11187.25,1.478,0.24994883379926677,"Panipat                                           ,Haryana                                           ",0.09918622386238143
896129.0,194680.566,3,128014.9063,8,6,49930.6,4.523,0.23687080193828072,"Rewari                                            ,Haryana                                           ",0.11226425572336748
1514085.0,289197.763,2,553782.4473,8,5,57.3921028466483,17.954,0.28239336989971975,"Gurgaon                                           ,Haryana                                           ",0.06674168776192846
813384.0,280101.66,2,89455.85561,8,6,38733.55555555556,23.439,0.20775713086528647,"Shimla                                            ,HimachalPradesh                                   ",0.14137792679636174
1269751.0,698197.484,2,172233.7913,7,2,4381.5,3.148,0.22615158382040196,"Srinagar                                          ,Jammu&Kashmir                                     ",0.12298347384124625
615711.0,680227.405,3,148986.6158,7,3,1000.0,26.193,0.2863139923776238,"Kathua                                            ,Jammu&Kashmir                                     ",0.06282106528402442
476820.0,723115.994,3,204472.799,7,0,2500.12,24.118997695852535,0.32772838690590106,"Punch                                             ,Jammu&Kashmir                                     ",0.021406670755747148
422786.0,606190.678,3,53366.15776,6,0,2000.9,8.428,0.21612470368838216,"Kulgam                                            ,Jammu&Kashmir                                     ",0.13301035397326605
231037.0,684061.022,3,153957.7099,6,0,1200.89,2.762,0.2320089291896974,"Kishtwar                                          ,Jammu&Kashmir                                     ",0.11712612847195081
1015503.0,679987.804,3,148694.1985,7,1,875.75,4.715,0.26136394876979535,"Baramula                                          ,Jammu&Kashmir                                     ",0.08777110889185286
297003.0,770077.802,3,265368.7023,6,0,900.78,2.84,0.2618035099085625,"Gandarbal                                         ,Jammu&Kashmir                                     ",0.08733154775308571
385099.0,713531.952,3,192337.4809,6,0,3000.23,4.163,0.24651855457389474,"Bandipura                                         ,Jammu&Kashmir                                     ",0.10261650308775347
1526406.0,635422.007,2,91234.19847,8,2,2864.0,7.47,0.22315441883958567,"Jammu                                             ,Jammu&Kashmir                                     ",0.12598063882206254
619266.0,724074.398,2,205715.5725,7,0,1857.98,0.884,0.2092669226325833,"Rajaori                                           ,Jammu&Kashmir                                     ",0.1398681350290649
318611.0,660580.118,3,123546.3104,8,4,4500.0,42.317,0.304811170472209,"Samba                                             ,Jammu&Kashmir                                     ",0.04432388718943919
555357.0,682863.016,3,152495.6234,7,3,2908.0,71.081,0.3336643288419066,"Udhampur                                          ,Jammu&Kashmir                                     ",0.015470728819741597
1491879.0,343721.488,3,204834.6154,7,8,2525.0,14.461,0.28498127490922287,"Deoghar                                           ,Jharkhand                                         ",0.06415378275242534
1734005.0,337628.406,3,188240.2336,7,3,22.95684113865932,36.493,0.28422757648973235,"Hazaribagh                                        ,Jharkhand                                         ",0.06490748117191586
2912022.0,332670.31,2,174716.178,8,6,5326.2,2.301,0.2423880882268474,"Ranchi                                            ,Jharkhand                                         ",0.1067469694348008
2682662.0,300472.555,2,87065.67697,8,13,6230.666666666667,5.324,0.2580750316227664,"Dhanbad                                           ,Jharkhand                                         ",0.0910600260388818
1660378.0,1090361.336,3,67866.53689,7,3,41.32231404958678,34.431,0.3513279055547837,"Chitapur                                          ,Karnataka                                         ",0.0021928478931355078
2532383.0,1245174.988,3,180110.1277,7,3,41.32231404958678,15.706,0.38546558936349146,"Belludi                                           ,Karnataka                                         ",0.03633053170184325
1391292.0,1159446.984,3,117953.3421,7,1,41.32231404958678,11.34,0.3281254487877533,"Koppal                                            ,Karnataka                                         ",0.021009608873894914
1020962.0,1054074.817,3,41558.31599,6,2,8052.0,51.716,0.33612961363656785,"Chamrajnagar                                      ,Karnataka                                         ",0.01300544402508036
1946905.0,1083607.276,3,62951.8143,8,4,12508.8,3.375,0.33746640365663144,"Davangere                                         ,Karnataka                                         ",0.011668654005016765
1890826.0,1140906.427,3,104510.1303,7,0,41.32231404958678,47.146,0.3662931210692469,"Bagalvad                                          ,Karnataka                                         ",0.017158063407598678
1808680.0,1022202.717,3,18430.2097,7,2,2629.25,58.375,0.35861795874801183,"Mandya                                            ,Karnataka                                         ",0.009482901086363626
1598506.0,1107224.414,3,80081.06802,8,2,2208.6666666666665,16.543,0.33885315314260145,"Haveri                                            ,Karnataka                                         ",0.010281904519046758
5288083.5,1309272.343,3,226583.1663,8,20,41.32231404958678,32.845,0.5660650368242106,"Bangalore                                         ,Karnataka                                         ",0.2169299791625624
2564892.0,1175603.755,3,129661.9459,7,4,41.32231404958678,2.115,0.36018932932208636,"Gulbarga                                          ,Karnataka                                         ",0.011054271660438153
1196065.0,1041140.571,3,32162.52281,7,0,41.32231404958678,17.816,0.2979812291154878,"Chikkerur                                         ,Karnataka                                         ",0.05115382854616041
1196065.0,1041140.571,3,32162.52281,7,0,41.32231404958678,50.433,0.33242222421601153,"Chikodi                                           ,Karnataka                                         ",0.016712833445636677
1846993.0,1147572.198,3,109352.5775,8,0,41.32231404958678,0.951,0.32657883941954585,"Dharmastala                                       ,Karnataka                                         ",0.022556218242102355
1776221.0,1028382.902,3,22911.28029,8,3,5146.545454545455,14.569,0.3268553377426325,"Hassan                                            ,Karnataka                                         ",0.022279719919015728
1755512.0,1065375.728,2,49725.42852,8,4,41.32231404958678,2.417,0.27676658689425526,"Shimoga                                           ,Karnataka                                         ",0.07236847076739295
1065235.0,1092568.545,3,69456.5942,8,4,41.32231404958678,1.626,0.3189023026643767,"Gadag                                             ,Karnataka                                         ",0.030232754997271516
1890826.0,1140906.427,3,104510.1303,7,3,41.32231404958678,5.504,0.33732243345309554,"Bagalkot                                          ,Karnataka                                         ",0.011812624208552669
1196065.0,1041140.571,3,32162.52281,7,1,41.32231404958678,3.814,0.28819621475495394,"Chikmagalur                                       ,Karnataka                                         ",0.06093884290669427
1196065.0,1041140.571,3,32162.52281,7,0,41.32231404958678,40.893,0.3223487320720683,"Chiknayakanhalli                                  ,Karnataka                                         ",0.026786325589579885
2994744.0,1130223.534,3,96776.66975,7,8,41.32231404958678,11.662,0.3878805088520724,"Mysore                                            ,Karnataka                                         ",0.03874545119042422
1660378.0,1090361.336,3,67866.53689,7,2,1023.4,2.754,0.31300574223769867,"Chitaldrug                                        ,Karnataka                                         ",0.03612931542394954
1540231.0,1106827.117,3,79791.9667,7,4,5456.75,72.539,0.39883000240551664,"Kolar                                             ,Karnataka                                         ",0.04969494474386843
1700018.0,1127972.181,3,95114.33711,7,1,737.2,5.164,0.3202383046198636,"Bidar                                             ,Karnataka                                         ",0.02889675304178463
1196065.0,1041140.571,3,32162.52281,7,1,41.32231404958678,36.217,0.3224112426312844,"Chik Ballapur                                     ,Karnataka                                         ",0.026723815030363807
1924773.0,1148984.812,3,110364.4322,6,5,41.32231404958678,3.897,0.33987881283733956,"Raichur                                           ,Karnataka                                         ",0.009256244824308646
4778439.0,1130135.246,3,96704.39442,7,6,41.32231404958678,15.485,0.4167904478085876,"Belgaum                                           ,Karnataka                                         ",0.06765539014693939
2681449.0,1034033.358,3,27030.97422,7,5,41.32231404958678,29.034,0.3621977776685004,"Tumkur                                            ,Karnataka                                         ",0.013062720006852213
2175102.0,1199927.2,3,147297.1269,7,3,41.32231404958678,2.455,0.35371236328179806,"Bijapur                                           ,Karnataka                                         ",0.004577305620149852
1540231.0,1106827.117,3,79791.9667,7,6,41.32231404958678,1.721,0.3333554858202158,"Kolagallu                                         ,Karnataka                                         ",0.015779571841432416
1890826.0,1140906.427,3,104510.1303,7,6,41.32231404958678,13.554,0.36082260240055286,"Bagalur                                           ,Karnataka                                         ",0.011687544738904654
2532383.0,1245174.988,3,180110.1277,7,6,41.32231404958678,9.323,0.39372564173720326,"Bellary                                           ,Karnataka                                         ",0.04459058407555505
1725818.0,1378997.817,3,168404.1598,6,2,22.95684113865932,4.097,0.35824282302610866,"Shivpuri                                          ,MadhyaPradesh                                     ",0.009107765364460452
1016028.0,1332746.742,3,137892.94,7,0,22.95684113865932,43.767,0.3740614050914293,"Panna                                             ,MadhyaPradesh                                     ",0.024926347429781115
2184672.0,1410382.475,3,189065.8839,6,0,22.95684113865932,29.425,0.3910937642485137,"Dharampuri                                        ,MadhyaPradesh                                     ",0.04195870658686551
1263703.0,1309804.741,3,122785.4428,7,2,2222.0,1.743,0.33960308555971785,"Damoh                                             ,MadhyaPradesh                                     ",0.009531972101930353
2030543.0,1397810.258,2,180771.5717,8,5,6559.142857142857,2.977,0.3497995398255836,"Gwalior                                           ,MadhyaPradesh                                     ",0.0006644821639353871
844979.0,1377988.369,3,167737.6525,7,3,22.95684113865932,1.673,0.3515545769164472,"Ashoknagar                                        ,MadhyaPradesh                                     ",0.0024195192547989963
2368145.0,1443235.421,2,210764.397,8,8,6146.466666666666,7.714,0.386686704663045,"Bhopal                                            ,MadhyaPradesh                                     ",0.03755164700139679
1444920.0,1349448.519,3,148927.3374,6,1,2857.0,3.595,0.3408651603060433,"Tikamgarh                                         ,MadhyaPradesh                                     ",0.008269897355604905
643579.0,1401389.21,3,183141.3752,7,1,1166700.0,4.459,0.49587132721707494,"Umaria                                            ,MadhyaPradesh                                     ",0.14673626955542673
1563107.0,1342382.383,3,144261.7868,7,3,5255.75,2.642,0.35920532112395187,"Dewas                                             ,MadhyaPradesh                                     ",0.010070263462303664
570302.0,1350549.735,3,149667.901,7,3,1650.0,24.185,0.3639267554002898,"Harda Khas                                        ,MadhyaPradesh                                     ",0.014791697738641585
749521.0,1262268.914,3,91459.60304,7,3,18.0,33.5,0.3569894744437857,"Anuppur                                           ,MadhyaPradesh                                     ",0.007854416782137497
2460714.0,1285210.916,2,106567.1002,8,9,1197.9333333333334,17.054,0.3667983525879706,"Jabalpur                                          ,MadhyaPradesh                                     ",0.017663294926322404
570302.0,1350549.735,3,149667.901,7,3,22.95684113865932,45.981,0.3867324342625884,"Harduli                                           ,MadhyaPradesh                                     ",0.0375973766009402
1178132.0,1438463.485,3,207579.9735,6,2,22.95684113865932,27.458,0.38570887568676976,"Singrauliya                                       ,MadhyaPradesh                                     ",0.03657381802512155
1965137.0,1386155.721,3,173143.7667,7,3,2413.0,2.876,0.37690662503819117,"Morena                                            ,MadhyaPradesh                                     ",0.02777156737654296
687952.0,1381475.553,3,170033.3997,6,0,22.95684113865932,3.278,0.3276361738786239,"Sheopur                                           ,MadhyaPradesh                                     ",0.02149888378302428
1178132.0,1438463.485,3,207579.9735,6,0,22.95684113865932,30.854,0.37929478546882756,"Singoli                                           ,MadhyaPradesh                                     ",0.03015972780717935
1454483.0,1344493.047,2,145668.8576,7,11,1778.0,2.561,0.34702992036497693,"Ratlam                                            ,MadhyaPradesh                                     ",0.002105137296671278
1378876.0,1327974.806,3,134782.5729,7,2,22.95684113865932,25.301,0.37058239924822134,"Seoni Malwa                                       ,MadhyaPradesh                                     ",0.021447341586573132
1309443.0,1364406.704,3,158776.8331,7,5,2308.6666666666665,5.804,0.37220850588167365,"Khandwa                                           ,MadhyaPradesh                                     ",0.02307344822002544
1178132.0,1438463.485,3,207579.9735,6,0,22.95684113865932,21.84,0.3697767080908921,"Singhana                                          ,MadhyaPradesh                                     ",0.020641650429243874
1378876.0,1327974.806,3,134782.5729,7,2,22.95684113865932,7.31,0.35158531359186046,"Seoni                                             ,MadhyaPradesh                                     ",0.002450255930212253
1064989.0,1317513.253,3,127895.3315,7,0,22.95684113865932,1.319,0.3267419518378471,"Shahgarh                                          ,MadhyaPradesh                                     ",0.022393105823801107
1546541.0,1385513.345,3,172699.4286,6,0,22.95684113865932,13.257,0.35588885795957415,"Rajgarh                                           ,MadhyaPradesh                                     ",0.006753800297925938
3272335.0,1491046.552,2,242238.3494,8,7,6965.133333333333,3.781,0.4061892777770024,"Indore                                            ,MadhyaPradesh                                     ",0.057054220115354215
1064989.0,1317513.253,3,127895.3315,7,2,22.95684113865932,19.065,0.35548033670015494,"Shahpur                                           ,MadhyaPradesh                                     ",0.006345279038506735
1444920.0,1349448.519,3,148927.3374,6,0,22.95684113865932,17.186,0.34985181869685683,"Tikar                                             ,MadhyaPradesh                                     ",0.000716761035208624
1196677.0,1297691.364,3,114787.356,7,0,22.95684113865932,36.86,0.3623342548992284,"Mandleshwar                                       ,MadhyaPradesh                                     ",0.013199197237580174
1126515.0,1389367.602,3,175217.3448,7,0,22.95684113865932,12.994,0.3565996659763314,"Sidhi                                             ,MadhyaPradesh                                     ",0.007464608314683208
1378876.0,1327974.806,3,134782.5729,7,0,22.95684113865932,34.78,0.3705914801740534,"Seondha                                           ,MadhyaPradesh                                     ",0.021456422512405204
2184672.0,1410382.475,3,189065.8839,6,0,3769.8,3.638,0.3643464443794748,"Dhar                                              ,MadhyaPradesh                                     ",0.01521138671782657
1762857.0,1343024.759,3,144706.125,6,1,2166.5,46.138,0.3904604211983965,"Chhatarpur                                        ,MadhyaPradesh                                     ",0.041325363536748316
1575247.0,1268600.907,3,95606.75913,7,3,667.0,2.394,0.34181656084876727,"Betul Bazar                                       ,MadhyaPradesh                                     ",0.007318496812880937
1458212.0,1348530.839,3,148334.8865,7,4,2415.0,2.235,0.3627590844717727,"Vidisha                                           ,MadhyaPradesh                                     ",0.013624026810124479
756993.0,1339537.575,3,142410.3778,7,3,22.95684113865932,7.699,0.3474590681857267,"Burhar                                            ,MadhyaPradesh                                     ",0.0016759894759215133
2363744.0,1345869.567,3,146557.5339,7,1,4403.6875,2.021,0.3648955844249372,"Rewa                                              ,MadhyaPradesh                                     ",0.015760526763288984
1064989.0,1317513.253,3,127895.3315,7,0,22.95684113865932,42.586,0.37031666885085607,"Shahpura                                          ,MadhyaPradesh                                     ",0.02118161118920786
1872413.0,1379823.729,3,168922.5543,6,0,22.95684113865932,3.243,0.3503924923687732,"Khargone                                          ,MadhyaPradesh                                     ",0.0012574347071249714
1311008.0,1365140.848,3,159295.2276,7,7,22.95684113865932,31.736,0.40949989755886007,"Sehore                                            ,MadhyaPradesh                                     ",0.060364839897211864
1378876.0,1327974.806,3,134782.5729,7,0,22.95684113865932,35.202,0.37103707909278966,"Seoni Chhapara                                    ,MadhyaPradesh                                     ",0.02190202143114145
704218.0,1362387.808,3,157443.8187,7,0,22.95684113865932,24.118997695852535,0.32772838690590106,"Dindori                                           ,MadhyaPradesh                                     ",0.021406670755747148
2090306.0,1269885.659,3,96495.43543,7,4,2334.8,8.422,0.3637713383721737,"Chhindwara                                        ,MadhyaPradesh                                     ",0.014636280710525473
1385659.0,1433049.172,3,204025.2683,5,3,22.95684113865932,0.918,0.3571829657260119,"Barwah                                            ,MadhyaPradesh                                     ",0.008047908064363674
1064989.0,1317513.253,3,127895.3315,7,0,22.95684113865932,12.688,0.338746724603517,"Shahganj                                          ,MadhyaPradesh                                     ",0.010388333058131194
2228619.0,1338895.199,3,141966.0397,7,5,4262.4,9.232,0.3882637553582752,"Satna                                             ,MadhyaPradesh                                     ",0.03912869769662697
786375.0,1330269.006,3,136263.7001,7,3,1452.0,51.468,0.39232139243571984,"Datia                                             ,MadhyaPradesh                                     ",0.04318633477407163
1331699.0,1329810.166,3,135967.4746,7,0,100.0,2.168,0.3356558525968792,"Raisen                                            ,MadhyaPradesh                                     ",0.013479205064769018
1986597.0,1304482.197,2,119304.7939,7,7,8326.833333333334,1.534,0.3281043844720465,"Ujjain                                            ,MadhyaPradesh                                     ",0.021030673189601723
1309443.0,1364406.704,3,158776.8331,7,0,22.95684113865932,1.3,0.3421587618422955,"Khaniadhana                                       ,MadhyaPradesh                                     ",0.006976295819352718
1512353.0,1316412.037,3,127154.7679,7,3,22.95684113865932,5.309,0.3544544293696434,"Shajapur                                          ,MadhyaPradesh                                     ",0.00531937170799518
1762857.0,1343024.759,3,144706.125,6,0,22.95684113865932,47.018,0.38611403742973427,"Chhapera                                          ,MadhyaPradesh                                     ",0.03697897976808606
1196677.0,1297691.364,3,114787.356,7,3,754.0,5.482,0.3442955366994719,"Mandla                                            ,MadhyaPradesh                                     ",0.004839520962176325
1703562.0,1339812.879,3,142558.4906,8,1,22.95684113865932,35.226,0.39343420851572986,"Bhind                                             ,MadhyaPradesh                                     ",0.04429915085408165
1385659.0,1433049.172,3,204025.2683,5,0,213.0,1.774,0.34311126842208006,"Barwani                                           ,MadhyaPradesh                                     ",0.006023789239568145
1872413.0,1379823.729,3,168922.5543,6,0,22.95684113865932,7.42,0.3548030769269756,"Kharsod B                                         ,MadhyaPradesh                                     ",0.005668019265327395
1240975.0,1285853.292,3,107011.4384,8,4,22.95684113865932,0.506,0.35046081892140934,"Hoshangabad                                       ,MadhyaPradesh                                     ",0.001325761259761138
1064989.0,1317513.253,3,127895.3315,7,3,22.95684113865932,9.481,0.350360384005443,"Shahdol                                           ,MadhyaPradesh                                     ",0.001225326343794797
1240938.0,1425891.268,3,199285.6614,7,3,2289.0,3.885,0.37281211292069233,"Guna                                              ,MadhyaPradesh                                     ",0.023677055259044122
1872413.0,1379823.729,3,168922.5543,6,2,22.95684113865932,39.984,0.3991881081822552,"Khargapur                                         ,MadhyaPradesh                                     ",0.05005305052060699
756993.0,1339537.575,3,142410.3778,7,3,1644.3333333333333,2.946,0.3426487327331918,"Burhanpur                                         ,MadhyaPradesh                                     ",0.006486324928456411
1024091.0,1467095.102,3,226464.345,4,0,22.95684113865932,5.328,0.33917108202144913,"Jhabua                                            ,MadhyaPradesh                                     ",0.009963975640199074
1196677.0,1297691.364,3,114787.356,7,2,22.95684113865932,6.475,0.34025007682860836,"Mandsaur                                          ,MadhyaPradesh                                     ",0.008884980833039846
1092141.0,1281264.891,3,103975.1277,8,0,22.95684113865932,42.395,0.3707356939408448,"Narsinghgarh                                      ,MadhyaPradesh                                     ",0.021600636279196617
240363.0,115720.907,3,115709.5735,8,0,1806.0,21.269,0.19405943900852984,"Bishenpur                                         ,Manipur                                           ",0.15507561865311836
420517.0,115720.907,3,116613.5545,8,0,9154.85302782766,25.669,0.32772838690590106,"Thoubal                                           ,Manipur                                           ",0.021406670755747148
483672.0,115483.287,3,114730.2607,8,0,4215.5,7.332,0.18422489002858658,"Imphal                                            ,Manipur                                           ",0.16491016763306163
56366.0,65396.76,3,-60398.52819,9,0,9154.85302782766,12.632,0.32772838690590106,"Saiha                                             ,Mizoram                                           ",0.021406670755747148
404054.0,87896.61,3,189295.908,10,0,9154.85302782766,32.667,0.32772838690590106,"Aizawl                                            ,Mizoram                                           ",0.021406670755747148
154094.0,79485.451,3,96653.37389,9,0,9154.85302782766,9.297,0.32772838690590106,"Lunglei                                           ,Mizoram                                           ",0.021406670755747148
439917.0,967354.524,3,125920.0285,7,3,421.8,33.426,0.32113252082942956,"Bhadrakh                                          ,Odisha                                            ",0.02800253683221865
1697983.0,927734.389,3,91860.85129,9,3,5382.764705882353,58.479,0.37920414874207475,"Puri                                              ,Odisha                                            ",0.030069091080426547
1802777.0,947655.749,3,108961.1021,7,2,27.548209366391184,9.997,0.31288037094821025,"Keonjhargarh                                      ,Odisha                                            ",0.036254686713437956
652107.0,988054.931,3,143797.5634,7,1,27.548209366391184,28.966,0.31591810219898786,"Sonepur                                           ,Odisha                                            ",0.03321695546266035
2317419.0,939753.981,3,102248.1937,8,3,2498.0,6.306,0.3306611188340315,"Balasore                                          ,Odisha                                            ",0.01847393882761672
1439891.0,907924.322,3,74831.26271,9,4,27.548209366391184,40.585,0.35442216582173924,"Kendraparha                                       ,Odisha                                            ",0.005287108160091036
962215.0,913822.825,3,79848.27843,8,1,1735.0,3.649,0.2844863517985302,"Nayagarh                                          ,Odisha                                            ",0.064648705863118
1192948.0,918051.941,3,83522.71248,8,4,103.75,50.146,0.3539934650408603,"Dhenkanal                                         ,Odisha                                            ",0.004858407379212115
312164.0,934968.403,3,98079.12431,7,0,27.548209366391184,59.857,0.32307280673060534,"Deogarh                                           ,Odisha                                            ",0.026062250931042863
1376934.0,957560.783,3,117511.2275,5,4,1378.0,19.146,0.31029748097303156,"Koraput                                           ,Odisha                                            ",0.03883757668861665
1271703.0,915826.09,3,81614.83327,8,2,27.548209366391184,16.36,0.30927133132743134,"Angul                                             ,Odisha                                            ",0.039863726334216865
1826275.0,923060.104,3,87833.10628,8,0,27.548209366391184,35.339,0.3320415016768278,"Jajpur                                            ,Odisha                                            ",0.01709355598482043
2618708.0,918385.818,2,83805.36126,8,7,27.548209366391184,39.789,0.33602657857800544,"Cuttack                                           ,Odisha                                            ",0.013108479083642766
2317419.0,939753.981,3,102248.1937,8,2,27.548209366391184,6.042,0.3250647301879851,"Balangir                                          ,Odisha                                            ",0.02407032747366311
961959.0,950215.477,3,111222.2923,5,4,27.548209366391184,22.76,0.30391628320582015,"Rayagada                                          ,Odisha                                            ",0.04521877445582806
2080664.0,933187.722,3,96524.55605,7,0,230.0,26.23,0.3217228394653307,"Sundargarh                                        ,Odisha                                            ",0.027412218196317506
599814.0,414694.069,3,82242.66834,8,4,41.32231404958678,28.109,0.2585097226393694,"Fatehgarh Churian                                 ,Punjab                                            ",0.09062533502227882
992289.0,412870.108,3,78704.57286,7,3,1242.0,1.298,0.22390376271239357,"Moga                                              ,Punjab                                            ",0.12523129494925464
768808.0,415535.898,3,83903.40704,6,3,41.32231404958678,61.536,0.27581688373162155,"Mansa                                             ,Punjab                                            ",0.07331817393002665
817668.0,403422.921,3,60436.44724,8,6,12775.5,28.191,0.26959275319997267,"Kapurthala                                        ,Punjab                                            ",0.07954230446167554
599814.0,414694.069,3,82242.66834,8,3,41.32231404958678,60.815,0.2880446947630389,"Fatehabad                                         ,Punjab                                            ",0.06109036289860931
614362.0,389345.678,3,33070.36181,8,2,41.32231404958678,56.769,0.2680095258608156,"Nawashahr                                         ,Punjab                                            ",0.0811255318008326
3487882.0,428116.557,2,108309.0452,8,6,9343.0,2.873,0.2554139825216391,"Ludhiana                                          ,Punjab                                            ",0.0937210751400091
160509.0,404732.432,3,62963.65829,8,8,9154.85302782766,5.75,0.32772838690590106,"Pathankot                                         ,Punjab                                            ",0.021406670755747148
902702.0,432232.163,3,116251.7085,7,4,41.32231404958678,41.008,0.277363867666173,"Muktsar                                           ,Punjab                                            ",0.07177118999547522
2490891.0,429893.751,2,111774.9347,8,5,20509.14285714286,24.118997695852535,0.32772838690590106,"Amritsar                                          ,Punjab                                            ",0.021406670755747148
2299026.0,406883.772,3,67151.60804,8,3,1932.0,24.118997695852535,0.32772838690590106,"Gurdaspur                                         ,Punjab                                            ",0.021406670755747148
104000.0,388036.167,3,30543.15075,7,2,41.32231404958678,24.118997695852535,0.32772838690590106,"Fazilka                                           ,Punjab                                            ",0.021406670755747148
596294.0,421288.393,3,95023.13568,7,2,2730.5,20.231,0.23500682105071424,"Barnala                                           ,Punjab                                            ",0.11412823661093396
1654408.0,418061.383,2,88813.41709,7,3,43986.6,56.869,0.2533002500241721,"Sangrur                                           ,Punjab                                            ",0.0958348076374761
2181753.0,413805.473,2,80581.92965,8,8,6351.1578947368425,59.921,0.2934833758453288,"Jalandhar Cantonment                              ,Punjab                                            ",0.05565168181631941
599814.0,414694.069,3,82242.66834,8,4,41.32231404958678,24.118997695852535,0.32772838690590106,"Fateh Nangal                                      ,Punjab                                            ",0.021406670755747148
2181753.0,413805.473,2,80581.92965,8,0,41.32231404958678,16.964,0.2073128974016925,"Jalandhar                                         ,Punjab                                            ",0.1418221602599557
618008.0,417640.469,2,87946.94472,7,3,41.32231404958678,56.893,0.22720825498932895,"Faridkot                                          ,Punjab                                            ",0.12192680267231926
1892282.0,444485.444,3,140079.6985,8,6,4884.545454545455,5.31,0.2833351748725871,"Patiala                                           ,Punjab                                            ",0.06579988278906113
1950491.0,1348124.886,3,174414.7759,8,8,6681.5,3.747,0.40706584806914625,"Kota                                              ,Rajasthan                                         ",0.057930790407498045
2410459.0,1297698.551,2,141107.6421,6,1,5444.333333333333,24.679,0.32486801251699665,"Bhilwara                                          ,Rajasthan                                         ",0.024267045144651556
2677737.0,1268872.636,3,122054.529,7,2,2143.5,2.031,0.3625305655739371,"Sikar                                             ,Rajasthan                                         ",0.013395507912288884
6663971.0,1375885.991,2,192751.6065,8,11,12796.2,3.825,0.4714634748610157,"Jaipur                                            ,Rajasthan                                         ",0.12232841719936749
3067549.0,1340595.162,3,169472.427,6,2,7893.260869565217,7.153,0.38429699160265113,"Udaipur                                           ,Rajasthan                                         ",0.03516193394100292
2549121.0,1315267.907,3,152711.4177,7,6,5257.75,57.506,0.4495501480545584,"Bharatpur                                         ,Rajasthan                                         ",0.10041509039291019
2584913.0,1284464.49,2,132368.9962,7,9,10797.727272727272,11.483,0.36035797055834856,"Ajmer                                             ,Rajasthan                                         ",0.011222912896700354
3671999.0,1330251.298,3,162596.1155,7,5,408675.3,4.193,0.4654977897948488,"Alwar                                             ,Rajasthan                                         ",0.11636273213320059
3685681.0,1384328.409,2,198338.6096,7,8,7974.142857142857,5.439,0.39287093686463337,"Jodhpur                                           ,Rajasthan                                         ",0.04373587920298516
1779650.0,1271002.255,3,123487.0939,7,4,16667.0,34.78,0.3918971670154719,"Hanumangarh                                       ,Rajasthan                                         ",0.042762109353823685
2367745.0,1533173.566,2,296684.1896,7,6,2271.6666666666665,13.944,0.39920608349837694,"Bikaner                                           ,Rajasthan                                         ",0.05007102583672873
1969520.0,1193195.104,3,72058.01417,7,2,34.43526170798898,5.578,0.33492914532317003,"Ganganagar                                        ,Rajasthan                                         ",0.014205912338478177
2038533.0,1214111.005,3,85882.2654,6,1,701.0,20.602,0.34365620614521675,"Pali                                              ,Rajasthan                                         ",0.00547885151643146
1618725.0,794712.061,2,81611.96487,8,0,45.91368227731864,37.592,0.2639499968237565,"Puduppatti                                        ,TamilNadu                                         ",0.08518506083789168
1076588.0,824535.564,3,112759.2836,8,2,45.91368227731864,21.002,0.3044757567514119,"Karuppur                                          ,TamilNadu                                         ",0.04465930091023629
3480008.0,826744.712,2,115080.3578,7,10,2866.6,21.987,0.33520770279536133,"Salem                                             ,TamilNadu                                         ",0.013927354866286878
2751901.0,809333.135,2,96886.13078,8,0,45.91368227731864,41.718,0.29471693005069555,"Tirupporur                                        ,TamilNadu                                         ",0.05441812761095266
3041038.0,845231.796,2,134397.6853,8,7,45.91368227731864,2.034,0.30388508325698693,"Madurai                                           ,TamilNadu                                         ",0.045249974404661275
1721179.0,825901.748,3,114181.8775,7,0,45.91368227731864,58.158,0.3383823156001793,"Namagiripettai                                    ,TamilNadu                                         ",0.010752742061468923
4681087.0,772300.832,1,58176.60248,9,2,45.91368227731864,11.586,0.25822922140321686,"Chennimalai                                       ,TamilNadu                                         ",0.09090583625843135
1618725.0,794712.061,2,81611.96487,8,0,45.91368227731864,30.372,0.25632624281125443,"Pudur                                             ,TamilNadu                                         ",0.09280881485039377
2751901.0,809333.135,2,96886.13078,8,2,45.91368227731864,23.9,0.2859025188325844,"Tiruppanandal                                     ,TamilNadu                                         ",0.06323253882906382
564511.0,819506.844,3,107518.1482,7,0,45.91368227731864,53.076,0.30853526713904794,"Perambalur                                        ,TamilNadu                                         ",0.040599790522600265
2751901.0,809333.135,2,96886.13078,8,4,45.91368227731864,19.502,0.2912585755989301,"Tiruvattar                                        ,TamilNadu                                         ",0.057876482062718115
1618725.0,794712.061,2,81611.96487,8,0,45.91368227731864,32.22,0.2582775859435403,"Pudupattanam                                      ,TamilNadu                                         ",0.09085747171810793
2751901.0,809333.135,2,96886.13078,8,4,45.91368227731864,7.619,0.278711059126553,"Tiruvadamarudur                                   ,TamilNadu                                         ",0.07042399853509523
2751901.0,809333.135,2,96886.13078,8,4,45.91368227731864,50.462,0.3239499085943685,"Tiruppur                                          ,TamilNadu                                         ",0.0251851490672797
1943309.0,795148.077,3,82061.20505,8,2,45.91368227731864,29.309,0.3216792914456549,"Virudunagar                                       ,TamilNadu                                         ",0.027455766215993327
2751901.0,809333.135,2,96886.13078,8,0,45.91368227731864,18.347,0.2700389861412514,"Tiruppalaikudi                                    ,TamilNadu                                         ",0.07909607152039683
2751901.0,809333.135,2,96886.13078,8,9,524.0,0.958,0.29673903272612756,"Tiruvalur                                         ,TamilNadu                                         ",0.052396024935520646
2751901.0,809333.135,2,96886.13078,8,20,5317.166666666667,30.124,0.3831522985424799,"Tiruvottiyur                                      ,TamilNadu                                         ",0.03401724088083169
1863174.0,796659.599,2,83633.54565,9,0,9154.85302782766,14.917,0.32772838690590106,"Kannandahalli                                     ,TamilNadu                                         ",0.021406670755747148
1076588.0,824535.564,3,112759.2836,8,3,45.91368227731864,65.758,0.356734584256058,"Karuveppampatti                                   ,TamilNadu                                         ",0.007599526594409767
2751901.0,809333.135,2,96886.13078,8,1,45.91368227731864,64.61,0.3238890875097258,"Tiruvannamalai                                    ,TamilNadu                                         ",0.025245970151922426
1883731.0,864736.251,3,154763.2398,7,0,6756.4,5.481,0.29806925630074005,"Krishnagiri                                       ,TamilNadu                                         ",0.05106580136090816
564511.0,819506.844,3,107518.1482,7,0,45.91368227731864,28.011,0.2820685920250084,"Peraiyur                                          ,TamilNadu                                         ",0.06706646563663982
1341250.0,831918.77,3,120471.2399,8,2,45.91368227731864,3.752,0.2935803569226937,"Sivakasi                                          ,TamilNadu                                         ",0.05555470073895452
3928106.0,809478.474,2,97035.8775,8,0,45.91368227731864,30.034,0.3054321762717614,"Vellakkovil                                       ,TamilNadu                                         ",0.043702881389886816
2751901.0,809333.135,2,96886.13078,8,6,45.91368227731864,8.209,0.28933405287549707,"Tirunageswaram                                    ,TamilNadu                                         ",0.059801004786151135
1863174.0,796659.599,2,83633.54565,9,2,45.91368227731864,16.785,0.2656578949544235,"Kannudaiyampatti                                  ,TamilNadu                                         ",0.08347716270722472
1076588.0,824535.564,3,112759.2836,8,3,45.91368227731864,6.488,0.2941501105273876,"Karumandi Chellipalaiyam                          ,TamilNadu                                         ",0.05498494713426061
564511.0,819506.844,3,107518.1482,7,0,45.91368227731864,52.828,0.3082733985801698,"Peranampattu                                      ,TamilNadu                                         ",0.04086165908147843
3041038.0,845231.796,2,134397.6853,8,0,45.91368227731864,16.314,0.28396364382465034,"Madukkur                                          ,TamilNadu                                         ",0.06517141383699787
2751901.0,809333.135,2,96886.13078,8,0,45.91368227731864,62.03,0.3161648097601059,"Tiruppattur                                       ,TamilNadu                                         ",0.03297024790154229
2751901.0,809333.135,2,96886.13078,8,8,10084.033333333333,5.96,0.2982498835998074,"Tirupparangunram                                  ,TamilNadu                                         ",0.05088517406184079
2751901.0,809333.135,2,96886.13078,8,2,45.91368227731864,19.955,0.2817369080875261,"Tirumangalam                                      ,TamilNadu                                         ",0.0673981495741221
1341250.0,831918.77,3,120471.2399,8,4,45.91368227731864,9.469,0.309617060757801,"Sivandipuram                                      ,TamilNadu                                         ",0.03951799690384722
1614069.0,776864.467,3,62968.49767,8,0,45.91368227731864,81.094,0.35461671165456526,"Nagaiyampatti                                     ,TamilNadu                                         ",0.005481653992917057
2751901.0,809333.135,2,96886.13078,8,3,45.91368227731864,9.026,0.2751967408295433,"Tiruttangal                                       ,TamilNadu                                         ",0.07393831683210489
2751901.0,809333.135,2,96886.13078,8,2,45.91368227731864,24.678,0.2867240258439039,"Tiruppuvanam                                      ,TamilNadu                                         ",0.06241103181774432
3928106.0,809478.474,2,97035.8775,8,1,45.91368227731864,45.101,0.32634174714521974,"Vellipalaiyam                                     ,TamilNadu                                         ",0.022793310516428467
564511.0,819506.844,3,107518.1482,7,2,45.91368227731864,31.003,0.2952279094772808,"Peravurani                                        ,TamilNadu                                         ",0.053907148184367426
1863174.0,796659.599,2,83633.54565,9,2,45.91368227731864,64.115,0.3156346646790391,"Kannamanayakkanur                                 ,TamilNadu                                         ",0.033500392982609095
1337560.0,807123.986,3,94565.05654,8,3,45.91368227731864,57.991,0.34858735531680857,"Ramanayakkanpalaiyam                              ,TamilNadu                                         ",0.0005477023448396401
1863174.0,796659.599,2,83633.54565,9,2,5205.142857142857,1.613,0.2503007730594953,"Kanniyakumari                                     ,TamilNadu                                         ",0.09883428460215293
2751901.0,809333.135,2,96886.13078,8,3,45.91368227731864,22.208,0.2891158994712058,"Tiruttani                                         ,TamilNadu                                         ",0.0600191581904424
2751901.0,809333.135,2,96886.13078,8,2,45.91368227731864,22.974,0.2849247354232247,"Tirumalaippatti                                   ,TamilNadu                                         ",0.06421032223842349
1502900.0,831540.89,3,120096.8731,6,1,26800.0,46.911,0.32398214142698867,"Dharmapuri                                        ,TamilNadu                                         ",0.02515291623465954
4681087.0,772300.832,1,58176.60248,9,20,5317.166666666667,19.695,0.3574694133449082,"Chennai                                           ,TamilNadu                                         ",0.00833435568326002
2751901.0,809333.135,2,96886.13078,8,7,45.91368227731864,48.099,0.336454765833767,"Tiruppachur                                       ,TamilNadu                                         ",0.012680291827881218
3041038.0,845231.796,2,134397.6853,8,20,5317.166666666667,16.181,0.3845009298700755,"Maduraivayal                                      ,TamilNadu                                         ",0.035365872208427296
1863174.0,796659.599,2,83633.54565,9,4,45.91368227731864,28.664,0.288201187740367,"Kannamangalam                                     ,TamilNadu                                         ",0.06093386992128119
2751901.0,809333.135,2,96886.13078,8,2,45.91368227731864,18.332,0.2800231473171257,"Tirumalaiyampalaiyam                              ,TamilNadu                                         ",0.06911191034452252
1341250.0,831918.77,3,120471.2399,8,3,833.6666666666666,35.829,0.33255243555013236,"Sivaganga                                         ,TamilNadu                                         ",0.016582622111515843
2600880.0,815495.496,3,103325.2399,8,5,2447.333333333333,28.095,0.35447412514370885,"Cuddalore                                         ,TamilNadu                                         ",0.005339067482060644
1618725.0,794712.061,2,81611.96487,8,4,3700.857142857143,9.392,0.25464292259349347,"Puduppattanam                                     ,TamilNadu                                         ",0.09449213506815474
2751901.0,809333.135,2,96886.13078,8,4,45.91368227731864,15.315,0.2868374318246439,"Tiruvalam                                         ,TamilNadu                                         ",0.06229762583700432
1337560.0,807123.986,3,94565.05654,8,2,504.6666666666667,4.807,0.2874882022481133,"Ramanathapuram                                    ,TamilNadu                                         ",0.06164685541353493
1076588.0,824535.564,3,112759.2836,8,3,45.91368227731864,13.26,0.30130081165933553,"Karuvelampatti                                    ,TamilNadu                                         ",0.047834246002312675
4681087.0,772300.832,1,58176.60248,9,0,45.91368227731864,47.314,0.2859551886274101,"Chengam                                           ,TamilNadu                                         ",0.06317986903423811
2751901.0,809333.135,2,96886.13078,8,0,45.91368227731864,32.137,0.2846001451208088,"Tiruvengadam                                      ,TamilNadu                                         ",0.06453491254083943
2751901.0,809333.135,2,96886.13078,8,0,45.91368227731864,14.749,0.2662397801943009,"Tiruvambalapuram                                  ,TamilNadu                                         ",0.08289527746734732
3928106.0,809478.474,2,97035.8775,8,4,45.91368227731864,40.46,0.33644121496072915,"Vellavadanparappu                                 ,TamilNadu                                         ",0.012693842700919056
2751901.0,809333.135,2,96886.13078,8,1,45.91368227731864,20.895,0.2777294743994031,"Tiruvadi                                          ,TamilNadu                                         ",0.07140558326224511
2751901.0,809333.135,2,96886.13078,8,4,45.91368227731864,46.5,0.3197663471819677,"Tirumuruganpundi                                  ,TamilNadu                                         ",0.029368710479680482
2751901.0,809333.135,2,96886.13078,8,5,45.91368227731864,23.387,0.30036083104748557,"Tiruvaduturai                                     ,TamilNadu                                         ",0.04877422661416264
1337560.0,807123.986,3,94565.05654,8,1,45.91368227731864,45.605,0.32550871027541645,"Ramapattanam                                      ,TamilNadu                                         ",0.02362634738623176
1883731.0,864736.251,3,154763.2398,7,5,45.91368227731864,22.838,0.3405341221843129,"Krishnarayapuram                                  ,TamilNadu                                         ",0.008600935477335314
2751901.0,809333.135,2,96886.13078,8,2,45.91368227731864,66.075,0.3304360126660022,"Tiruchengodu                                      ,TamilNadu                                         ",0.018699044995646008
1863174.0,796659.599,2,83633.54565,9,5,10084.033333333333,3.064,0.26746019298740087,"Kannanendal                                       ,TamilNadu                                         ",0.08167486467424734
2751901.0,809333.135,2,96886.13078,8,3,45.91368227731864,22.78,0.289719886631199,"Tiruvankod                                        ,TamilNadu                                         ",0.05941517103044919
3928106.0,809478.474,2,97035.8775,8,6,1585.857142857143,8.177,0.3125508878058943,"Vellore                                           ,TamilNadu                                         ",0.03658416985575391
1341250.0,831918.77,3,120471.2399,8,0,45.91368227731864,43.745,0.32580982980662676,"Sivagiri                                          ,TamilNadu                                         ",0.023325227855021446
1076588.0,824535.564,3,112759.2836,8,4,2866.6,17.887,0.3115492158444088,"Karukkalvadi                                      ,TamilNadu                                         ",0.037585841817239396
2751901.0,809333.135,2,96886.13078,8,2,45.91368227731864,66.089,0.33045079556851953,"Tiruvennanallur                                   ,TamilNadu                                         ",0.01868426209312868
3928106.0,809478.474,2,97035.8775,8,0,45.91368227731864,45.477,0.32173877366997056,"Vellarivalli                                      ,TamilNadu                                         ",0.02739628399167765
1721179.0,825901.748,3,114181.8775,7,2,6341.6,4.46,0.2924908718188231,"Namakkal                                          ,TamilNadu                                         ",0.0566441858428251
2751901.0,809333.135,2,96886.13078,8,7,45.91368227731864,42.382,0.3304180619986597,"Tiruvallur                                        ,TamilNadu                                         ",0.01871699566298851
2751901.0,809333.135,2,96886.13078,8,4,45.91368227731864,50.462,0.3239499085943685,"Tirupur                                           ,TamilNadu                                         ",0.0251851490672797
3472578.0,848894.331,2,138216.2267,8,6,44224.4,7.05,0.3193652512668904,"Coimbatore                                        ,TamilNadu                                         ",0.029769806394757792
2751901.0,809333.135,2,96886.13078,8,5,5457.4,9.276,0.28615647461401533,"Tiruvalanjuli                                     ,TamilNadu                                         ",0.06297858304763287
1863174.0,796659.599,2,83633.54565,9,3,45.91368227731864,14.728,0.2684858642059862,"Kannampalaiyam                                    ,TamilNadu                                         ",0.08064919345566202
1863174.0,796659.599,2,83633.54565,9,0,45.91368227731864,18.356,0.25731674780118813,"Kannivadi                                         ,TamilNadu                                         ",0.09181830986046008
2751901.0,809333.135,2,96886.13078,8,1,45.91368227731864,56.575,0.3154047573863942,"Tirukkoyilur                                      ,TamilNadu                                         ",0.03373030027525403
1076588.0,824535.564,3,112759.2836,8,3,45.91368227731864,26.321,0.31509220378638403,"Karumattampatti                                   ,TamilNadu                                         ",0.03404285387526418
2751901.0,809333.135,2,96886.13078,8,1,862.5,46.913,0.30530743109580405,"Tiruchchuli                                       ,TamilNadu                                         ",0.04382762656584416
2259608.0,802967.299,2,90222.40153,7,4,5657.5,20.737,0.2734709911277955,"Erode                                             ,TamilNadu                                         ",0.07566406653385271
2751901.0,809333.135,2,96886.13078,8,5,10084.033333333333,4.368,0.2815688563992668,"Tiruppalai                                        ,TamilNadu                                         ",0.06756620126238139
3928106.0,809478.474,2,97035.8775,8,0,45.91368227731864,23.527,0.29856129436603407,"Vellalapuram                                      ,TamilNadu                                         ",0.05057376329561414
2751901.0,809333.135,2,96886.13078,8,1,45.91368227731864,53.72,0.31239010119446986,"Tirukkalikkunram                                  ,TamilNadu                                         ",0.03674495646717835
3928106.0,809478.474,2,97035.8775,8,6,44224.4,11.8,0.32185851811091243,"Vellakkinar                                       ,TamilNadu                                         ",0.02727653955073578
3928106.0,809478.474,2,97035.8775,8,13,45.91368227731864,40.588,0.38157637292660174,"Vellanur                                          ,TamilNadu                                         ",0.03244131526495353
2751901.0,809333.135,2,96886.13078,8,2,45.91368227731864,37.212,0.2999589472833362,"Tirukkattuppalli                                  ,TamilNadu                                         ",0.04917611037831199
3041038.0,845231.796,2,134397.6853,8,5,45.91368227731864,14.262,0.30679689268425503,"Madukkarai                                        ,TamilNadu                                         ",0.04233816497739318
1076588.0,824535.564,3,112759.2836,8,5,7692.0,29.713,0.3296569452027027,"Karur                                             ,TamilNadu                                         ",0.019478112458945485
1502900.0,831540.89,3,120096.8731,6,0,45.91368227731864,42.798,0.3111993699620813,"Dharapuram                                        ,TamilNadu                                         ",0.0379356876995669
1341250.0,831918.77,3,120471.2399,8,0,45.91368227731864,28.569,0.309785163477855,"Sivalarkulam                                      ,TamilNadu                                         ",0.0393498941837932
2751901.0,809333.135,2,96886.13078,8,5,45.91368227731864,7.872,0.28397820729347306,"Tiruvasaladi                                      ,TamilNadu                                         ",0.06515685036817515
1618725.0,794712.061,2,81611.96487,8,0,45.91368227731864,25.849,0.2515503093765526,"Pudukkottai                                       ,TamilNadu                                         ",0.09758474828509561
2751901.0,809333.135,2,96886.13078,8,3,45.91368227731864,19.362,0.2861107465737569,"Tirumayam                                         ,TamilNadu                                         ",0.0630243110878913
2751901.0,809333.135,2,96886.13078,8,13,45.91368227731864,5.086,0.32103640969252695,"Tiruverumbur                                      ,TamilNadu                                         ",0.02809864796912126
2751901.0,809333.135,2,96886.13078,8,2,45.91368227731864,31.102,0.29350726625613566,"Tirutturaippundi                                  ,TamilNadu                                         ",0.05562779140551255
3928106.0,809478.474,2,97035.8775,8,8,44224.4,8.409,0.3282778879368965,"Vellalur                                          ,TamilNadu                                         ",0.020857169724751712
1618725.0,794712.061,2,81611.96487,8,3,45.91368227731864,9.498,0.24928493515793462,"Puduvayal                                         ,TamilNadu                                         ",0.09985012250371358
3928106.0,809478.474,2,97035.8775,8,3,9154.85302782766,7.312,0.32772838690590106,"Vellodu                                           ,TamilNadu                                         ",0.021406670755747148
3928106.0,809478.474,2,97035.8775,8,1,45.91368227731864,19.635,0.2994516474662199,"Vellar                                            ,TamilNadu                                         ",0.049683410195428324
2751901.0,809333.135,2,96886.13078,8,2,45.91368227731864,39.564,0.3024424749062455,"Tiruchendur                                       ,TamilNadu                                         ",0.04669258275540272
2161367.0,805408.99,3,92768.09585,8,4,45.91368227731864,3.807,0.31199158905636337,"Dindigul                                          ,TamilNadu                                         ",0.037143468605284835
2751901.0,809333.135,2,96886.13078,8,5,45.91368227731864,18.589,0.29529451917047933,"Tirumangalakkudi                                  ,TamilNadu                                         ",0.05384053849116888
4681087.0,772300.832,1,58176.60248,9,0,45.91368227731864,67.496,0.3072657985277311,"Chennampatti                                      ,TamilNadu                                         ",0.04186925913391709
1863174.0,796659.599,2,83633.54565,9,8,2866.6,24.648,0.3043232614642137,"Kannankurichchi                                   ,TamilNadu                                         ",0.04481179619743453
2751901.0,809333.135,2,96886.13078,8,0,45.91368227731864,12.988,0.2643803022419441,"Tiruvadanai                                       ,TamilNadu                                         ",0.08475475541970412
1341250.0,831918.77,3,120471.2399,8,0,45.91368227731864,9.049,0.2891735736822814,"Sivamalai                                         ,TamilNadu                                         ",0.05996148397936679
1502900.0,831540.89,3,120096.8731,6,4,50.505050505050505,5.136,0.2914318406582953,"Dharmapuram                                       ,TamilNadu                                         ",0.0577032170033529
4474446.0,269327.339,3,166345.077,6,0,27.548209366391184,48.195,0.3151042785070596,"Sitarganj                                         ,Uttarakhand                                       ",0.03403077915458863
1670718.0,250264.342,2,104722.7475,8,20,11478.93103448276,30.153,0.29702079271205023,"Jalalpur                                          ,Uttarakhand                                       ",0.05211426494959798
3447405.0,250564.332,2,105708.7047,7,7,11596.473684210529,13.438,0.2410077773377794,"Meerut                                            ,Uttarakhand                                       ",0.10812728032386881
3002376.0,256736.852,3,125639.1268,6,2,34.43526170798898,31.41,0.2704442003165359,"Shahganj                                          ,Uttarakhand                                       ",0.07869085734511233
616409.0,222074.377,3,13592.12526,8,0,27.548209366391184,3.519,0.17857893753571194,"Tehri                                             ,Uttarakhand                                       ",0.17055612012593627
2541894.0,266954.692,2,158668.6954,7,9,12740.888888888889,58.654,0.29177382263841145,"Mathura                                           ,Uttarakhand                                       ",0.057361235023236756
3478257.0,318262.063,3,324520.7938,5,1,568.0,3.781,0.2770789115725256,"Bahraigh                                          ,Uttarakhand                                       ",0.07205614608912259
3682194.0,255600.527,2,121976.9997,8,13,11833.533333333333,24.612,0.2990168113781643,"Varanasi                                          ,Uttarakhand                                       ",0.05011824628348388
4142089.5,284226.84,2,214516.1324,8,6,4291.5,5.821,0.27070426129588143,"Ghazipur                                          ,Uttarakhand                                       ",0.07843079636576678
2632684.0,248473.493,3,98947.85488,7,3,34.43526170798898,34.917,0.27491085112552294,"Fatehpur Sikri                                    ,Uttarakhand                                       ",0.07422420653612527
3110595.0,250955.228,3,106976.3641,7,5,1301.625,51.185,0.3132061241751807,"Unnao                                             ,Uttarakhand                                       ",0.03592893348646753
4773138.0,272872.675,2,177824.4367,6,12,6027.5,6.465,0.28995000528807024,"Moradabad                                         ,Uttarakhand                                       ",0.05918505237357796
3464228.0,260545.815,2,137963.5927,7,12,9529.076923076924,2.278,0.2607363001537832,"Saharanpur                                        ,Uttarakhand                                       ",0.08839875750786502
1698560.0,288626.693,2,228742.0873,9,1,15622.633333333331,58.713,0.2663841389010083,"Dehra Dun                                         ,Uttarakhand                                       ",0.08275091876063989
1565678.0,255318.718,3,121061.468,7,0,34.43526170798898,30.268,0.23854919480532877,"Hathras                                           ,Uttarakhand                                       ",0.11058586285631944
955128.0,272763.588,3,177472.3091,8,0,2179.846153846154,71.912,0.2904644057068101,"Naini Tal                                         ,Uttarakhand                                       ",0.058670651954838116
3464228.0,260545.815,2,137963.5927,7,0,34.43526170798898,41.228,0.240643723201796,"Sahaswan                                          ,Uttarakhand                                       ",0.1084913344598522
1579160.0,256973.208,3,126413.8075,8,3,4090.1666666666665,3.902,0.23589726936300873,"Etawah                                            ,Uttarakhand                                       ",0.11323778829863948
3464228.0,260545.815,2,137963.5927,7,2,34.43526170798898,36.907,0.2460810859319869,"Sahawar                                           ,Uttarakhand                                       ",0.1030539717296613
3404004.0,258191.349,3,130357.6366,7,6,34.43526170798898,6.596,0.2813759626049065,"Rae Bareli                                        ,Uttarakhand                                       ",0.06775909505674171
2000755.0,249800.721,2,103243.8116,8,7,6336.833333333333,2.229,0.20803440990744926,"Jhansi                                            ,Uttarakhand                                       ",0.14110064775419895
259840.0,229037.78,3,36128.2915,8,0,74.0,44.974,0.21988715370974682,"Bageshwar                                         ,Uttarakhand                                       ",0.1292479039519014
2205170.0,259127.681,3,133385.9339,8,5,1111.0,8.714,0.26423603812867674,"Mau                                               ,Uttarakhand                                       ",0.08489901953297146
4380793.0,263618.44,2,147893.5909,7,11,13892.266666666666,7.424,0.28164781423602003,"Agra                                              ,Uttarakhand                                       ",0.06748724342562817
3790922.0,256909.574,3,126202.5309,7,3,2479.333333333333,54.578,0.3240947271382423,"Sultanpur                                         ,Uttarakhand                                       ",0.02504033052340593
2494533.0,256845.939,3,125991.2544,7,3,34.43526170798898,72.002,0.31677468313094453,"Mirzapur                                          ,Uttarakhand                                       ",0.03236037453070367
2632684.0,248473.493,3,98947.85488,7,3,1488.0,12.654,0.2515897527968914,"Fatehpur                                          ,Uttarakhand                                       ",0.09754530486475682
3223642.0,254318.751,3,117821.8941,7,3,62.0,1.601,0.25507095242275457,"Ballia                                            ,Uttarakhand                                       ",0.09406410523889364
4465344.0,268845.537,2,164795.7156,6,11,13654.958333333334,6.323,0.2771546610884036,"Bareilly                                          ,Uttarakhand                                       ",0.07198039657324462
3464228.0,260545.815,2,137963.5927,7,5,34.43526170798898,42.823,0.2673279181671618,"Sahaspur                                          ,Uttarakhand                                       ",0.08180713949448642
1887577.0,261873.044,3,142259.5494,7,6,7692.0,7.914,0.256465003516229,"Farrukhabad                                       ,Uttarakhand                                       ",0.09267005414541923
3673849.0,267491.037,2,160429.3334,7,6,11227.764705882351,1.118,0.23832191629345603,"Aligarh                                           ,Uttarakhand                                       ",0.11081314136819218
621927.0,214092.826,3,-12183.61487,8,0,605.8,92.223,0.2672712931579786,"Almora                                            ,Uttarakhand                                       ",0.08186376450366961
4142089.5,284226.84,2,214516.1324,8,19,23577.066666666666,48.933,0.3837066939452504,"Ghaziabad                                         ,Uttarakhand                                       ",0.034571636283602214
2335398.0,264491.138,3,150710.6117,6,5,34.43526170798898,9.906,0.2547016441364173,"Rampur                                            ,Uttarakhand                                       ",0.09443341352523088
4138605.0,254464.201,3,118314.8727,7,3,2938.2,2.01,0.2738703124184254,"Muzaffarnagar                                     ,Uttarakhand                                       ",0.0752647452432228
1761152.0,245682.677,3,89933.38838,7,0,34.43526170798898,12.295,0.21717091077885037,"Etah                                              ,Uttarakhand                                       ",0.13196414688279784
329686.0,140613.47,3,72835.4844,8,0,27.548209366391184,74.839,0.2481499625235652,"Uttarkashi                                        ,Uttarakhand                                       ",0.10098509513808301
2037225.0,269781.87,3,167824.0129,6,4,34.43526170798898,10.645,0.24806980288869374,"Pilibhit                                          ,Uttarakhand                                       ",0.10106525477295447
4476072.0,249300.738,3,101624.0246,7,10,10790.75,42.684,0.3560934374775373,"Jaunpur                                           ,Uttarakhand                                       ",0.006958379815889093
4474446.0,269327.339,3,166345.077,6,6,34.43526170798898,10.036,0.3048122513194157,"Sitalpur                                          ,Uttarakhand                                       ",0.04432280634223251
4436275.0,256409.59,2,124582.744,7,6,7239.35,6.617,0.2513653781704043,"Gorakhpur                                         ,Uttarakhand                                       ",0.09776967949124393
3002376.0,256736.852,3,125639.1268,6,7,13003.4,7.874,0.272259445750588,"Shahjanpur                                        ,Uttarakhand                                       ",0.07687561191106018
485993.0,229037.78,3,36128.2915,8,0,201.0,0.759,0.1776402770006923,"Pithoragarh                                       ,Uttarakhand                                       ",0.17149478066095591
3712738.0,263527.534,3,147611.8888,5,3,34.43526170798898,3.378,0.25580085079191045,"Budaun                                            ,Uttarakhand                                       ",0.09333420686973776
236857.0,226883.307,3,29156.16507,8,0,27.548209366391184,2.148,0.1728169623411448,"Rudraprayag                                       ,Uttarakhand                                       ",0.1763180953205034
3498507.0,261636.688,3,141484.8686,7,4,5175.785714285715,48.458,0.32031389380613795,"Bulandshahr                                       ,Uttarakhand                                       ",0.028821163855510257
4588455.0,274054.454,2,181627.4148,8,20,4491.2,14.544,0.35209786273677157,"Lucknow                                           ,Uttarakhand                                       ",0.0029628050751233648
4142089.5,1547052.655,2,214516.1324,8,19,23577.066666666666,48.933,0.5352236403616284,"Ghaziabad                                         ,UttarPradesh                                      ",0.1860885826999802
329686.0,765362.069,3,72835.4844,8,0,27.548209366391184,74.839,0.3231088356112129,"Uttarkashi                                        ,UttarPradesh                                      ",0.02602622205043531
4476072.0,1356949.146,3,101624.0246,7,10,10790.75,42.684,0.48899181703998107,"Jaunpur                                           ,UttarPradesh                                      ",0.13985675937833286
4474446.0,1465954.359,3,166345.077,6,0,27.548209366391184,48.195,0.45867853072467846,"Sitarganj                                         ,UttarPradesh                                      ",0.10954347306303025
3464228.0,1418156.34,2,137963.5927,7,5,34.43526170798898,42.823,0.4062208753779392,"Sahaspur                                          ,UttarPradesh                                      ",0.05708581771629101
2205170.0,1410437.406,3,133385.9339,8,5,1111.0,8.714,0.40237300986256536,"Mau                                               ,UttarPradesh                                      ",0.05323795220091715
4773138.0,1485251.696,2,177824.4367,6,12,6027.5,6.465,0.43541422131789365,"Moradabad                                         ,UttarPradesh                                      ",0.08627916365624544
3447405.0,1363826.915,2,105708.7047,7,7,11596.473684210529,13.438,0.37457975942128596,"Meerut                                            ,UttarPradesh                                      ",0.025444701759637756
2000755.0,1359670.566,2,103243.8116,8,7,6336.833333333333,2.229,0.34119932294339217,"Jhansi                                            ,UttarPradesh                                      ",0.007935734718256038
3223642.0,1384262.3,3,117821.8941,7,3,62.0,1.601,0.3906443578233759,"Ballia                                            ,UttarPradesh                                      ",0.041509300161727714
4380793.0,1434880.699,2,147893.5909,7,11,13892.266666666666,7.424,0.42217874006004497,"Agra                                              ,UttarPradesh                                      ",0.07304368239839676
1565678.0,1389705.139,3,121061.468,7,0,34.43526170798898,30.268,0.37465566691298346,"Hathras                                           ,UttarPradesh                                      ",0.025520609251335258
3110595.0,1365954.57,3,106976.3641,7,5,1301.625,51.185,0.4469864868739831,"Unnao                                             ,UttarPradesh                                      ",0.09785142921233492
4138605.0,1385053.986,3,118314.8727,7,3,2938.2,2.01,0.40952125480334123,"Muzaffarnagar                                     ,UttarPradesh                                      ",0.06038619714169302
2541894.0,1453039.988,2,158668.6954,7,9,12740.888888888889,58.654,0.43408325288971317,"Mathura                                           ,UttarPradesh                                      ",0.08494819522806496
259840.0,1246657.444,3,36128.2915,8,0,74.0,44.974,0.3419836631975106,"Bageshwar                                         ,UttarPradesh                                      ",0.007151394464137595
4142089.5,1547052.655,2,214516.1324,8,6,4291.5,5.821,0.4222212077122594,"Ghazipur                                          ,UttarPradesh                                      ",0.0730861500506112
616409.0,1208755.495,3,13592.12526,8,0,27.548209366391184,3.519,0.2969633642003331,"Tehri                                             ,UttarPradesh                                      ",0.052171693461315116
3464228.0,1418156.34,2,137963.5927,7,12,9529.076923076924,2.278,0.3996292573645606,"Saharanpur                                        ,UttarPradesh                                      ",0.05049419970291241
3498507.0,1424093.983,3,141484.8686,7,4,5175.785714285715,48.458,0.4597883783991241,"Bulandshahr                                       ,UttarPradesh                                      ",0.11065332073747591
236857.0,713259.26,3,25662.88557,8,0,27.548209366391184,2.148,0.23060477473528906,"Rudraprayag                                       ,UttarPradesh                                      ",0.11853028292635914
4436275.0,1395642.781,2,124582.744,7,6,7239.35,6.617,0.3880533776602677,"Gorakhpur                                         ,UttarPradesh                                      ",0.0389183199986195
3404004.0,1405340.929,3,130357.6366,7,6,34.43526170798898,6.596,0.41901378991241256,"Rae Bareli                                        ,UttarPradesh                                      ",0.06987873225076435
2632684.0,1352446.434,3,98947.85488,7,3,1488.0,12.654,0.3840471407911557,"Fatehpur                                          ,UttarPradesh                                      ",0.0349120831295075
2632684.0,1352446.434,3,98947.85488,7,3,34.43526170798898,34.917,0.4073682391197873,"Fatehpur Sikri                                    ,UttarPradesh                                      ",0.058233181458139105
485993.0,1246657.444,3,36128.2915,8,0,201.0,0.759,0.29973678648845603,"Pithoragarh                                       ,UttarPradesh                                      ",0.049398271173192176
2335398.0,1439630.813,3,150710.6117,6,5,34.43526170798898,9.906,0.39569779186620924,"Rampur                                            ,UttarPradesh                                      ",0.04656273420456103
1698560.0,1571001.145,2,228742.0873,9,1,15622.633333333331,58.713,0.4202465788523298,"Dehra Dun                                         ,UttarPradesh                                      ",0.07111152119068159
621927.0,1165311.747,3,-12183.61487,8,0,605.8,92.223,0.3814008782293781,"Almora                                            ,UttarPradesh                                      ",0.03226582056772992
4588455.0,1491684.142,2,181627.4148,8,20,4491.2,14.544,0.49819206670399646,"Lucknow                                           ,UttarPradesh                                      ",0.14905700904234825
3682194.0,1391239.029,2,121976.9997,8,13,11833.533333333333,24.612,0.4352735112429115,"Varanasi                                          ,UttarPradesh                                      ",0.08613845358126332
4474446.0,1465954.359,3,166345.077,6,6,34.43526170798898,10.036,0.4483865035370346,"Sitalpur                                          ,UttarPradesh                                      ",0.09925144587538637
2037225.0,1468428.377,3,167824.0129,6,4,34.43526170798898,10.645,0.3918863581222417,"Pilibhit                                          ,UttarPradesh                                      ",0.0427513004605935
4465344.0,1463331.901,2,164795.7156,6,11,13654.958333333334,6.323,0.4204720721355338,"Bareilly                                          ,UttarPradesh                                      ",0.07133701447388557
1579160.0,1398710.562,3,126413.8075,8,3,4090.1666666666665,3.902,0.3728857244870396,"Etawah                                            ,UttarPradesh                                      ",0.023750666825391398
1670718.0,1362194.063,2,104722.7475,8,20,11478.93103448276,30.153,0.43043285473545384,"Jalalpur                                          ,UttarPradesh                                      ",0.08129779707380563
3464228.0,1418156.34,2,137963.5927,7,0,34.43526170798898,41.228,0.37953668041257344,"Sahaswan                                          ,UttarPradesh                                      ",0.030401622750925228
3478257.0,1732307.089,3,324520.7938,5,1,568.0,3.781,0.44673951075404283,"Bahraigh                                          ,UttarPradesh                                      ",0.09760445309239463
3673849.0,1455959.329,2,160429.3334,7,6,11227.764705882351,1.118,0.3809172642643306,"Aligarh                                           ,UttarPradesh                                      ",0.031782206602682384
3002376.0,1397424.073,3,125639.1268,6,7,13003.4,7.874,0.40912190333513154,"Shahjanpur                                        ,UttarPradesh                                      ",0.059986845673483336
3712738.0,1434385.896,3,147611.8888,5,3,34.43526170798898,3.378,0.3962833160607425,"Budaun                                            ,UttarPradesh                                      ",0.04714825839909431
2494533.0,1398017.838,3,125991.2544,7,3,34.43526170798898,72.002,0.4536952935736913,"Mirzapur                                          ,UttarPradesh                                      ",0.10456023591204311
1887577.0,1425380.472,3,142259.5494,7,6,7692.0,7.914,0.3960654856487025,"Farrukhabad                                       ,UttarPradesh                                      ",0.04693042798705427
3464228.0,1418156.34,2,137963.5927,7,2,34.43526170798898,36.907,0.38497404314276434,"Sahawar                                           ,UttarPradesh                                      ",0.03583898548111614
1761152.0,1337255.966,3,89933.38838,7,0,34.43526170798898,12.295,0.3481405580369424,"Etah                                              ,UttarPradesh                                      ",0.0009944996247058246
3002376.0,1397424.073,3,125639.1268,6,2,34.43526170798898,31.41,0.4073066579010794,"Shahganj                                          ,UttarPradesh                                      ",0.05817160023943119
955128.0,1484657.932,3,177472.3091,8,0,2179.846153846154,71.912,0.4358704689984127,"Naini Tal                                         ,UttarPradesh                                      ",0.08673541133676449
3790922.0,1398364.2,3,126202.5309,7,3,2479.333333333333,54.578,0.4610492598616399,"Sultanpur                                         ,UttarPradesh                                      ",0.11191420219999171
3997970.0,826727.008,3,163556.5344,6,4,34.43526170798898,2.984,0.34446845866665865,"Maldah                                            ,WestBengal                                        ",0.004666598994989557
3869675.0,774132.87,3,104752.2548,7,10,559.125,57.571,0.42211413466345565,"Jalpaiguri                                        ,WestBengal                                        ",0.07297907700180745
3000849.0,836222.025,3,174206.7273,6,20,34.43526170798898,13.553,0.4189944923364719,"Uttarpara                                         ,WestBengal                                        ",0.0698594346748237
2822780.0,774710.827,2,105436.9101,8,4,34.43526170798898,67.086,0.3401268777379932,"Koch Bihar                                        ,WestBengal                                        ",0.009008179923654991
1842034.0,778880.378,3,110077.3513,8,5,4494.166666666667,70.566,0.3814437627076096,"Darjeeling                                        ,WestBengal                                        ",0.032308705045961394
3596292.0,766413.008,3,96156.02767,7,6,34.43526170798898,6.606,0.34055740009194324,"Bankura                                           ,WestBengal                                        ",0.008577657569704966
4486679.0,667623.548,1,-14301.68766,9,20,2890.2,14.927,0.32395918112519545,"Kolkata                                           ,WestBengal                                        ",0.025175876536452757
2927965.0,785403.042,2,117380.3407,7,4,34.43526170798898,4.925,0.2714416887231279,"Puruliya                                          ,WestBengal                                        ",0.0776933689385203
4841638.0,770995.386,3,101252.9057,8,20,2890.2,18.717,0.4577892978746198,"Haora                                             ,WestBengal                                        ",0.1086542402129716
7723663.0,762119.609,3,91363.44084,8,6,34.43526170798898,4.319,0.42592665865719953,"Barddhaman                                        ,WestBengal                                        ",0.07679160099555132
7102430.0,823795.937,3,160285.4037,7,12,34.43526170798898,12.714,0.4629260730391967,"Murshidabad                                       ,WestBengal                                        ",0.11379101537754849
5520389.0,744987.295,3,72193.09356,8,20,34.43526170798898,53.247,0.49930993666375784,"Hugli                                             ,WestBengal                                        ",0.15017487900210963
3596292.0,766413.008,3,96156.02767,7,20,34.43526170798898,19.766,0.42445332845822126,"Bankra                                            ,WestBengal                                        ",0.07531827079657305
